{"cameraMode":{"drawMode":0,"name":"Shaded","section":"Shading Mode"},"sceneLighting":true,"audioPlay":false,"sceneViewState":{"m_AlwaysRefresh":false,"showFog":true,"showSkybox":true,"showFlares":true,"showImageEffects":true,"showParticleSystems":true,"showVisualEffectGraphs":true,"m_FxEnabled":true},"in2DMode":false,"pivot":{"x":143.48870849609376,"y":1.3102139234542847,"z":165.10667419433595},"rotation":{"x":-0.09496204555034638,"y":0.49612662196159365,"z":-0.054699402302503589,"w":-0.8613073825836182},"size":2.0227348804473879,"orthographic":false}