{"cameraMode":{"drawMode":0,"name":"Shaded","section":"Shading Mode"},"sceneLighting":true,"audioPlay":false,"sceneViewState":{"m_AlwaysRefresh":false,"showFog":true,"showSkybox":true,"showFlares":true,"showImageEffects":true,"showParticleSystems":true,"showVisualEffectGraphs":true,"m_FxEnabled":true},"in2DMode":false,"pivot":{"x":-8.50839614868164,"y":18.512969970703126,"z":-39.325992584228519},"rotation":{"x":-0.012672416865825653,"y":0.7502946853637695,"z":0.014410746283829213,"w":0.6608690619468689},"size":9.028671264648438,"orthographic":false}