{"cameraMode":{"drawMode":0,"name":"Shaded","section":"Shading Mode"},"sceneLighting":true,"audioPlay":false,"sceneViewState":{"m_AlwaysRefresh":false,"showFog":true,"showSkybox":true,"showFlares":true,"showImageEffects":true,"showParticleSystems":true,"showVisualEffectGraphs":true,"m_FxEnabled":true},"in2DMode":false,"pivot":{"x":11.602059364318848,"y":-0.4100990295410156,"z":-6.552946090698242},"rotation":{"x":-0.019175540655851365,"y":0.9671422243118286,"z":-0.24161191284656526,"w":-0.07675733417272568},"size":13.300002098083496,"orthographic":false}